url_path,views_total,views_unique
/MeherBhaskar/temporal-debug-skill,46,28
/MeherBhaskar/temporal-debug-skill/graphs/traffic,12,1
/MeherBhaskar/temporal-debug-skill/blob/main/skills/temporal-debug/SKILL.md,9,4
/MeherBhaskar/temporal-debug-skill/tree/main/skills/temporal-debug,5,5
/MeherBhaskar/temporal-debug-skill/pulse,5,2
/MeherBhaskar/temporal-debug-skill/stargazers,4,1
/MeherBhaskar/temporal-debug-skill/graphs/contributors,3,2
/MeherBhaskar/temporal-debug-skill/issues,2,2
/MeherBhaskar/temporal-debug-skill/community,2,1
/MeherBhaskar/temporal-debug-skill/graphs/commit-activity,2,1
